[
  {
    "objects": [
      "sky", "cloud", "mountain", "sheep", "grass", "tree",
      "stone", "rock", "sheep"
    ],
    "relationships": [
      [0, "has", 1],
      [2, "behind", 5],
      [3, "eating", 4],
      [3, "eating", 4],
      [5, "in front of", 2]
    ]
  },
  {
    "objects": [
      "sky", "water", "person", "wave", "board",
      "cloud", "background", "edge"
    ],
    "relationships": [
      [0, "above", 1],
      [2, "by", 1],
      [2, "riding", 3],
      [2, "riding", 4]
    ]
  },
  {
    "objects": ["boy", "grass", "sky", "kite", "field", "mountain", "brick"],
    "relationships": [
      [0, "on top of", 1],
      [0, "standing on", 1],
      [0, "looking at", 2],
      [0, "looking at", 3],
      [4, "under", 5]
    ]
  },
  {
    "objects": [
      "building", "bus", "tree", "bus", "windshield", "windshield",
      "sky", "line", "sign"
    ],
    "relationships": [
      [0, "next to", 0],
      [0, "next to", 0],
      [0, "next to", 0],
      [0, "next to", 0],
      [1, "has", 4],
      [1, "behind", 3],
      [2, "behind", 3],
      [3, "has", 5]
    ]
  },
  {
    "objects": [
      "car", "tree", "house", "street", "window", "roof", "house", "bush", "car"
    ],
    "relationships": [
      [0, "parked on", 3],
      [1, "along", 3],
      [2, "has", 5],
      [4, "in front of", 6]
    ]
  },
  {
    "objects": [
      "sky", "man", "leg", "horse", "tail", "leg",
      "short", "hill", "hill"
    ],
    "relationships": [
      [0, "above", 1],
      [1, "has", 2],
      [1, "riding", 3],
      [3, "has", 4],
      [3, "has", 4],
      [3, "has", 5]
    ]
  },
  {
    "objects": ["boat", "water", "sky", "rock", "bird"],
    "relationships": [[0, "on top of", 1]]
  },
  {
    "objects": ["food", "glass", "glass", "plate", "plate"],
    "relationships": [
      [0, "on top of", 3],
      [1, "by", 3],
      [2, "on top of", 4]
    ]
  }
]
